mth,account_type,interest_rate
1955-01,Ordinary,2.5
1955-01,Special,na
1955-01,Medisave,na
1955-01,Retirement,na
1955-02,Ordinary,2.5
1955-02,Special,na
1955-02,Medisave,na
1955-02,Retirement,na
1955-03,Ordinary,2.5
1955-03,Special,na
1955-03,Medisave,na
1955-03,Retirement,na
1955-04,Ordinary,2.5
1955-04,Special,na
1955-04,Medisave,na
1955-04,Retirement,na
1955-05,Ordinary,2.5
1955-05,Special,na
1955-05,Medisave,na
1955-05,Retirement,na
1955-06,Ordinary,2.5
1955-06,Special,na
1955-06,Medisave,na
1955-06,Retirement,na
1955-07,Ordinary,2.5
1955-07,Special,na
1955-07,Medisave,na
1955-07,Retirement,na
1955-08,Ordinary,2.5
1955-08,Special,na
1955-08,Medisave,na
1955-08,Retirement,na
1955-09,Ordinary,2.5
1955-09,Special,na
1955-09,Medisave,na
1955-09,Retirement,na
1955-10,Ordinary,2.5
1955-10,Special,na
1955-10,Medisave,na
1955-10,Retirement,na
1955-11,Ordinary,2.5
1955-11,Special,na
1955-11,Medisave,na
1955-11,Retirement,na
1955-12,Ordinary,2.5
1955-12,Special,na
1955-12,Medisave,na
1955-12,Retirement,na
1956-01,Ordinary,2.5
1956-01,Special,na
1956-01,Medisave,na
1956-01,Retirement,na
1956-02,Ordinary,2.5
1956-02,Special,na
1956-02,Medisave,na
1956-02,Retirement,na
1956-03,Ordinary,2.5
1956-03,Special,na
1956-03,Medisave,na
1956-03,Retirement,na
1956-04,Ordinary,2.5
1956-04,Special,na
1956-04,Medisave,na
1956-04,Retirement,na
1956-05,Ordinary,2.5
1956-05,Special,na
1956-05,Medisave,na
1956-05,Retirement,na
1956-06,Ordinary,2.5
1956-06,Special,na
1956-06,Medisave,na
1956-06,Retirement,na
1956-07,Ordinary,2.5
1956-07,Special,na
1956-07,Medisave,na
1956-07,Retirement,na
1956-08,Ordinary,2.5
1956-08,Special,na
1956-08,Medisave,na
1956-08,Retirement,na
1956-09,Ordinary,2.5
1956-09,Special,na
1956-09,Medisave,na
1956-09,Retirement,na
1956-10,Ordinary,2.5
1956-10,Special,na
1956-10,Medisave,na
1956-10,Retirement,na
1956-11,Ordinary,2.5
1956-11,Special,na
1956-11,Medisave,na
1956-11,Retirement,na
1956-12,Ordinary,2.5
1956-12,Special,na
1956-12,Medisave,na
1956-12,Retirement,na
1957-01,Ordinary,2.5
1957-01,Special,na
1957-01,Medisave,na
1957-01,Retirement,na
1957-02,Ordinary,2.5
1957-02,Special,na
1957-02,Medisave,na
1957-02,Retirement,na
1957-03,Ordinary,2.5
1957-03,Special,na
1957-03,Medisave,na
1957-03,Retirement,na
1957-04,Ordinary,2.5
1957-04,Special,na
1957-04,Medisave,na
1957-04,Retirement,na
1957-05,Ordinary,2.5
1957-05,Special,na
1957-05,Medisave,na
1957-05,Retirement,na
1957-06,Ordinary,2.5
1957-06,Special,na
1957-06,Medisave,na
1957-06,Retirement,na
1957-07,Ordinary,2.5
1957-07,Special,na
1957-07,Medisave,na
1957-07,Retirement,na
1957-08,Ordinary,2.5
1957-08,Special,na
1957-08,Medisave,na
1957-08,Retirement,na
1957-09,Ordinary,2.5
1957-09,Special,na
1957-09,Medisave,na
1957-09,Retirement,na
1957-10,Ordinary,2.5
1957-10,Special,na
1957-10,Medisave,na
1957-10,Retirement,na
1957-11,Ordinary,2.5
1957-11,Special,na
1957-11,Medisave,na
1957-11,Retirement,na
1957-12,Ordinary,2.5
1957-12,Special,na
1957-12,Medisave,na
1957-12,Retirement,na
1958-01,Ordinary,2.5
1958-01,Special,na
1958-01,Medisave,na
1958-01,Retirement,na
1958-02,Ordinary,2.5
1958-02,Special,na
1958-02,Medisave,na
1958-02,Retirement,na
1958-03,Ordinary,2.5
1958-03,Special,na
1958-03,Medisave,na
1958-03,Retirement,na
1958-04,Ordinary,2.5
1958-04,Special,na
1958-04,Medisave,na
1958-04,Retirement,na
1958-05,Ordinary,2.5
1958-05,Special,na
1958-05,Medisave,na
1958-05,Retirement,na
1958-06,Ordinary,2.5
1958-06,Special,na
1958-06,Medisave,na
1958-06,Retirement,na
1958-07,Ordinary,2.5
1958-07,Special,na
1958-07,Medisave,na
1958-07,Retirement,na
1958-08,Ordinary,2.5
1958-08,Special,na
1958-08,Medisave,na
1958-08,Retirement,na
1958-09,Ordinary,2.5
1958-09,Special,na
1958-09,Medisave,na
1958-09,Retirement,na
1958-10,Ordinary,2.5
1958-10,Special,na
1958-10,Medisave,na
1958-10,Retirement,na
1958-11,Ordinary,2.5
1958-11,Special,na
1958-11,Medisave,na
1958-11,Retirement,na
1958-12,Ordinary,2.5
1958-12,Special,na
1958-12,Medisave,na
1958-12,Retirement,na
1959-01,Ordinary,2.5
1959-01,Special,na
1959-01,Medisave,na
1959-01,Retirement,na
1959-02,Ordinary,2.5
1959-02,Special,na
1959-02,Medisave,na
1959-02,Retirement,na
1959-03,Ordinary,2.5
1959-03,Special,na
1959-03,Medisave,na
1959-03,Retirement,na
1959-04,Ordinary,2.5
1959-04,Special,na
1959-04,Medisave,na
1959-04,Retirement,na
1959-05,Ordinary,2.5
1959-05,Special,na
1959-05,Medisave,na
1959-05,Retirement,na
1959-06,Ordinary,2.5
1959-06,Special,na
1959-06,Medisave,na
1959-06,Retirement,na
1959-07,Ordinary,2.5
1959-07,Special,na
1959-07,Medisave,na
1959-07,Retirement,na
1959-08,Ordinary,2.5
1959-08,Special,na
1959-08,Medisave,na
1959-08,Retirement,na
1959-09,Ordinary,2.5
1959-09,Special,na
1959-09,Medisave,na
1959-09,Retirement,na
1959-10,Ordinary,2.5
1959-10,Special,na
1959-10,Medisave,na
1959-10,Retirement,na
1959-11,Ordinary,2.5
1959-11,Special,na
1959-11,Medisave,na
1959-11,Retirement,na
1959-12,Ordinary,2.5
1959-12,Special,na
1959-12,Medisave,na
1959-12,Retirement,na
1960-01,Ordinary,2.5
1960-01,Special,na
1960-01,Medisave,na
1960-01,Retirement,na
1960-02,Ordinary,2.5
1960-02,Special,na
1960-02,Medisave,na
1960-02,Retirement,na
1960-03,Ordinary,2.5
1960-03,Special,na
1960-03,Medisave,na
1960-03,Retirement,na
1960-04,Ordinary,2.5
1960-04,Special,na
1960-04,Medisave,na
1960-04,Retirement,na
1960-05,Ordinary,2.5
1960-05,Special,na
1960-05,Medisave,na
1960-05,Retirement,na
1960-06,Ordinary,2.5
1960-06,Special,na
1960-06,Medisave,na
1960-06,Retirement,na
1960-07,Ordinary,2.5
1960-07,Special,na
1960-07,Medisave,na
1960-07,Retirement,na
1960-08,Ordinary,2.5
1960-08,Special,na
1960-08,Medisave,na
1960-08,Retirement,na
1960-09,Ordinary,2.5
1960-09,Special,na
1960-09,Medisave,na
1960-09,Retirement,na
1960-10,Ordinary,2.5
1960-10,Special,na
1960-10,Medisave,na
1960-10,Retirement,na
1960-11,Ordinary,2.5
1960-11,Special,na
1960-11,Medisave,na
1960-11,Retirement,na
1960-12,Ordinary,2.5
1960-12,Special,na
1960-12,Medisave,na
1960-12,Retirement,na
1961-01,Ordinary,2.5
1961-01,Special,na
1961-01,Medisave,na
1961-01,Retirement,na
1961-02,Ordinary,2.5
1961-02,Special,na
1961-02,Medisave,na
1961-02,Retirement,na
1961-03,Ordinary,2.5
1961-03,Special,na
1961-03,Medisave,na
1961-03,Retirement,na
1961-04,Ordinary,2.5
1961-04,Special,na
1961-04,Medisave,na
1961-04,Retirement,na
1961-05,Ordinary,2.5
1961-05,Special,na
1961-05,Medisave,na
1961-05,Retirement,na
1961-06,Ordinary,2.5
1961-06,Special,na
1961-06,Medisave,na
1961-06,Retirement,na
1961-07,Ordinary,2.5
1961-07,Special,na
1961-07,Medisave,na
1961-07,Retirement,na
1961-08,Ordinary,2.5
1961-08,Special,na
1961-08,Medisave,na
1961-08,Retirement,na
1961-09,Ordinary,2.5
1961-09,Special,na
1961-09,Medisave,na
1961-09,Retirement,na
1961-10,Ordinary,2.5
1961-10,Special,na
1961-10,Medisave,na
1961-10,Retirement,na
1961-11,Ordinary,2.5
1961-11,Special,na
1961-11,Medisave,na
1961-11,Retirement,na
1961-12,Ordinary,2.5
1961-12,Special,na
1961-12,Medisave,na
1961-12,Retirement,na
1962-01,Ordinary,2.5
1962-01,Special,na
1962-01,Medisave,na
1962-01,Retirement,na
1962-02,Ordinary,2.5
1962-02,Special,na
1962-02,Medisave,na
1962-02,Retirement,na
1962-03,Ordinary,2.5
1962-03,Special,na
1962-03,Medisave,na
1962-03,Retirement,na
1962-04,Ordinary,2.5
1962-04,Special,na
1962-04,Medisave,na
1962-04,Retirement,na
1962-05,Ordinary,2.5
1962-05,Special,na
1962-05,Medisave,na
1962-05,Retirement,na
1962-06,Ordinary,2.5
1962-06,Special,na
1962-06,Medisave,na
1962-06,Retirement,na
1962-07,Ordinary,2.5
1962-07,Special,na
1962-07,Medisave,na
1962-07,Retirement,na
1962-08,Ordinary,2.5
1962-08,Special,na
1962-08,Medisave,na
1962-08,Retirement,na
1962-09,Ordinary,2.5
1962-09,Special,na
1962-09,Medisave,na
1962-09,Retirement,na
1962-10,Ordinary,2.5
1962-10,Special,na
1962-10,Medisave,na
1962-10,Retirement,na
1962-11,Ordinary,2.5
1962-11,Special,na
1962-11,Medisave,na
1962-11,Retirement,na
1962-12,Ordinary,2.5
1962-12,Special,na
1962-12,Medisave,na
1962-12,Retirement,na
1963-01,Ordinary,5
1963-01,Special,na
1963-01,Medisave,na
1963-01,Retirement,na
1963-02,Ordinary,5
1963-02,Special,na
1963-02,Medisave,na
1963-02,Retirement,na
1963-03,Ordinary,5
1963-03,Special,na
1963-03,Medisave,na
1963-03,Retirement,na
1963-04,Ordinary,5
1963-04,Special,na
1963-04,Medisave,na
1963-04,Retirement,na
1963-05,Ordinary,5
1963-05,Special,na
1963-05,Medisave,na
1963-05,Retirement,na
1963-06,Ordinary,5
1963-06,Special,na
1963-06,Medisave,na
1963-06,Retirement,na
1963-07,Ordinary,5
1963-07,Special,na
1963-07,Medisave,na
1963-07,Retirement,na
1963-08,Ordinary,5
1963-08,Special,na
1963-08,Medisave,na
1963-08,Retirement,na
1963-09,Ordinary,5
1963-09,Special,na
1963-09,Medisave,na
1963-09,Retirement,na
1963-10,Ordinary,5
1963-10,Special,na
1963-10,Medisave,na
1963-10,Retirement,na
1963-11,Ordinary,5
1963-11,Special,na
1963-11,Medisave,na
1963-11,Retirement,na
1963-12,Ordinary,5
1963-12,Special,na
1963-12,Medisave,na
1963-12,Retirement,na
1964-01,Ordinary,5.25
1964-01,Special,na
1964-01,Medisave,na
1964-01,Retirement,na
1964-02,Ordinary,5.25
1964-02,Special,na
1964-02,Medisave,na
1964-02,Retirement,na
1964-03,Ordinary,5.25
1964-03,Special,na
1964-03,Medisave,na
1964-03,Retirement,na
1964-04,Ordinary,5.25
1964-04,Special,na
1964-04,Medisave,na
1964-04,Retirement,na
1964-05,Ordinary,5.25
1964-05,Special,na
1964-05,Medisave,na
1964-05,Retirement,na
1964-06,Ordinary,5.25
1964-06,Special,na
1964-06,Medisave,na
1964-06,Retirement,na
1964-07,Ordinary,5.25
1964-07,Special,na
1964-07,Medisave,na
1964-07,Retirement,na
1964-08,Ordinary,5.25
1964-08,Special,na
1964-08,Medisave,na
1964-08,Retirement,na
1964-09,Ordinary,5.25
1964-09,Special,na
1964-09,Medisave,na
1964-09,Retirement,na
1964-10,Ordinary,5.25
1964-10,Special,na
1964-10,Medisave,na
1964-10,Retirement,na
1964-11,Ordinary,5.25
1964-11,Special,na
1964-11,Medisave,na
1964-11,Retirement,na
1964-12,Ordinary,5.25
1964-12,Special,na
1964-12,Medisave,na
1964-12,Retirement,na
1965-01,Ordinary,5.25
1965-01,Special,na
1965-01,Medisave,na
1965-01,Retirement,na
1965-02,Ordinary,5.25
1965-02,Special,na
1965-02,Medisave,na
1965-02,Retirement,na
1965-03,Ordinary,5.25
1965-03,Special,na
1965-03,Medisave,na
1965-03,Retirement,na
1965-04,Ordinary,5.25
1965-04,Special,na
1965-04,Medisave,na
1965-04,Retirement,na
1965-05,Ordinary,5.25
1965-05,Special,na
1965-05,Medisave,na
1965-05,Retirement,na
1965-06,Ordinary,5.25
1965-06,Special,na
1965-06,Medisave,na
1965-06,Retirement,na
1965-07,Ordinary,5.25
1965-07,Special,na
1965-07,Medisave,na
1965-07,Retirement,na
1965-08,Ordinary,5.25
1965-08,Special,na
1965-08,Medisave,na
1965-08,Retirement,na
1965-09,Ordinary,5.25
1965-09,Special,na
1965-09,Medisave,na
1965-09,Retirement,na
1965-10,Ordinary,5.25
1965-10,Special,na
1965-10,Medisave,na
1965-10,Retirement,na
1965-11,Ordinary,5.25
1965-11,Special,na
1965-11,Medisave,na
1965-11,Retirement,na
1965-12,Ordinary,5.25
1965-12,Special,na
1965-12,Medisave,na
1965-12,Retirement,na
1966-01,Ordinary,5.25
1966-01,Special,na
1966-01,Medisave,na
1966-01,Retirement,na
1966-02,Ordinary,5.25
1966-02,Special,na
1966-02,Medisave,na
1966-02,Retirement,na
1966-03,Ordinary,5.25
1966-03,Special,na
1966-03,Medisave,na
1966-03,Retirement,na
1966-04,Ordinary,5.25
1966-04,Special,na
1966-04,Medisave,na
1966-04,Retirement,na
1966-05,Ordinary,5.25
1966-05,Special,na
1966-05,Medisave,na
1966-05,Retirement,na
1966-06,Ordinary,5.25
1966-06,Special,na
1966-06,Medisave,na
1966-06,Retirement,na
1966-07,Ordinary,5.25
1966-07,Special,na
1966-07,Medisave,na
1966-07,Retirement,na
1966-08,Ordinary,5.25
1966-08,Special,na
1966-08,Medisave,na
1966-08,Retirement,na
1966-09,Ordinary,5.25
1966-09,Special,na
1966-09,Medisave,na
1966-09,Retirement,na
1966-10,Ordinary,5.25
1966-10,Special,na
1966-10,Medisave,na
1966-10,Retirement,na
1966-11,Ordinary,5.25
1966-11,Special,na
1966-11,Medisave,na
1966-11,Retirement,na
1966-12,Ordinary,5.25
1966-12,Special,na
1966-12,Medisave,na
1966-12,Retirement,na
1967-01,Ordinary,5.5
1967-01,Special,na
1967-01,Medisave,na
1967-01,Retirement,na
1967-02,Ordinary,5.5
1967-02,Special,na
1967-02,Medisave,na
1967-02,Retirement,na
1967-03,Ordinary,5.5
1967-03,Special,na
1967-03,Medisave,na
1967-03,Retirement,na
1967-04,Ordinary,5.5
1967-04,Special,na
1967-04,Medisave,na
1967-04,Retirement,na
1967-05,Ordinary,5.5
1967-05,Special,na
1967-05,Medisave,na
1967-05,Retirement,na
1967-06,Ordinary,5.5
1967-06,Special,na
1967-06,Medisave,na
1967-06,Retirement,na
1967-07,Ordinary,5.5
1967-07,Special,na
1967-07,Medisave,na
1967-07,Retirement,na
1967-08,Ordinary,5.5
1967-08,Special,na
1967-08,Medisave,na
1967-08,Retirement,na
1967-09,Ordinary,5.5
1967-09,Special,na
1967-09,Medisave,na
1967-09,Retirement,na
1967-10,Ordinary,5.5
1967-10,Special,na
1967-10,Medisave,na
1967-10,Retirement,na
1967-11,Ordinary,5.5
1967-11,Special,na
1967-11,Medisave,na
1967-11,Retirement,na
1967-12,Ordinary,5.5
1967-12,Special,na
1967-12,Medisave,na
1967-12,Retirement,na
1968-01,Ordinary,5.5
1968-01,Special,na
1968-01,Medisave,na
1968-01,Retirement,na
1968-02,Ordinary,5.5
1968-02,Special,na
1968-02,Medisave,na
1968-02,Retirement,na
1968-03,Ordinary,5.5
1968-03,Special,na
1968-03,Medisave,na
1968-03,Retirement,na
1968-04,Ordinary,5.5
1968-04,Special,na
1968-04,Medisave,na
1968-04,Retirement,na
1968-05,Ordinary,5.5
1968-05,Special,na
1968-05,Medisave,na
1968-05,Retirement,na
1968-06,Ordinary,5.5
1968-06,Special,na
1968-06,Medisave,na
1968-06,Retirement,na
1968-07,Ordinary,5.5
1968-07,Special,na
1968-07,Medisave,na
1968-07,Retirement,na
1968-08,Ordinary,5.5
1968-08,Special,na
1968-08,Medisave,na
1968-08,Retirement,na
1968-09,Ordinary,5.5
1968-09,Special,na
1968-09,Medisave,na
1968-09,Retirement,na
1968-10,Ordinary,5.5
1968-10,Special,na
1968-10,Medisave,na
1968-10,Retirement,na
1968-11,Ordinary,5.5
1968-11,Special,na
1968-11,Medisave,na
1968-11,Retirement,na
1968-12,Ordinary,5.5
1968-12,Special,na
1968-12,Medisave,na
1968-12,Retirement,na
1969-01,Ordinary,5.5
1969-01,Special,na
1969-01,Medisave,na
1969-01,Retirement,na
1969-02,Ordinary,5.5
1969-02,Special,na
1969-02,Medisave,na
1969-02,Retirement,na
1969-03,Ordinary,5.5
1969-03,Special,na
1969-03,Medisave,na
1969-03,Retirement,na
1969-04,Ordinary,5.5
1969-04,Special,na
1969-04,Medisave,na
1969-04,Retirement,na
1969-05,Ordinary,5.5
1969-05,Special,na
1969-05,Medisave,na
1969-05,Retirement,na
1969-06,Ordinary,5.5
1969-06,Special,na
1969-06,Medisave,na
1969-06,Retirement,na
1969-07,Ordinary,5.5
1969-07,Special,na
1969-07,Medisave,na
1969-07,Retirement,na
1969-08,Ordinary,5.5
1969-08,Special,na
1969-08,Medisave,na
1969-08,Retirement,na
1969-09,Ordinary,5.5
1969-09,Special,na
1969-09,Medisave,na
1969-09,Retirement,na
1969-10,Ordinary,5.5
1969-10,Special,na
1969-10,Medisave,na
1969-10,Retirement,na
1969-11,Ordinary,5.5
1969-11,Special,na
1969-11,Medisave,na
1969-11,Retirement,na
1969-12,Ordinary,5.5
1969-12,Special,na
1969-12,Medisave,na
1969-12,Retirement,na
1970-01,Ordinary,5.75
1970-01,Special,na
1970-01,Medisave,na
1970-01,Retirement,na
1970-02,Ordinary,5.75
1970-02,Special,na
1970-02,Medisave,na
1970-02,Retirement,na
1970-03,Ordinary,5.75
1970-03,Special,na
1970-03,Medisave,na
1970-03,Retirement,na
1970-04,Ordinary,5.75
1970-04,Special,na
1970-04,Medisave,na
1970-04,Retirement,na
1970-05,Ordinary,5.75
1970-05,Special,na
1970-05,Medisave,na
1970-05,Retirement,na
1970-06,Ordinary,5.75
1970-06,Special,na
1970-06,Medisave,na
1970-06,Retirement,na
1970-07,Ordinary,5.75
1970-07,Special,na
1970-07,Medisave,na
1970-07,Retirement,na
1970-08,Ordinary,5.75
1970-08,Special,na
1970-08,Medisave,na
1970-08,Retirement,na
1970-09,Ordinary,5.75
1970-09,Special,na
1970-09,Medisave,na
1970-09,Retirement,na
1970-10,Ordinary,5.75
1970-10,Special,na
1970-10,Medisave,na
1970-10,Retirement,na
1970-11,Ordinary,5.75
1970-11,Special,na
1970-11,Medisave,na
1970-11,Retirement,na
1970-12,Ordinary,5.75
1970-12,Special,na
1970-12,Medisave,na
1970-12,Retirement,na
1971-01,Ordinary,5.75
1971-01,Special,na
1971-01,Medisave,na
1971-01,Retirement,na
1971-02,Ordinary,5.75
1971-02,Special,na
1971-02,Medisave,na
1971-02,Retirement,na
1971-03,Ordinary,5.75
1971-03,Special,na
1971-03,Medisave,na
1971-03,Retirement,na
1971-04,Ordinary,5.75
1971-04,Special,na
1971-04,Medisave,na
1971-04,Retirement,na
1971-05,Ordinary,5.75
1971-05,Special,na
1971-05,Medisave,na
1971-05,Retirement,na
1971-06,Ordinary,5.75
1971-06,Special,na
1971-06,Medisave,na
1971-06,Retirement,na
1971-07,Ordinary,5.75
1971-07,Special,na
1971-07,Medisave,na
1971-07,Retirement,na
1971-08,Ordinary,5.75
1971-08,Special,na
1971-08,Medisave,na
1971-08,Retirement,na
1971-09,Ordinary,5.75
1971-09,Special,na
1971-09,Medisave,na
1971-09,Retirement,na
1971-10,Ordinary,5.75
1971-10,Special,na
1971-10,Medisave,na
1971-10,Retirement,na
1971-11,Ordinary,5.75
1971-11,Special,na
1971-11,Medisave,na
1971-11,Retirement,na
1971-12,Ordinary,5.75
1971-12,Special,na
1971-12,Medisave,na
1971-12,Retirement,na
1972-01,Ordinary,5.75
1972-01,Special,na
1972-01,Medisave,na
1972-01,Retirement,na
1972-02,Ordinary,5.75
1972-02,Special,na
1972-02,Medisave,na
1972-02,Retirement,na
1972-03,Ordinary,5.75
1972-03,Special,na
1972-03,Medisave,na
1972-03,Retirement,na
1972-04,Ordinary,5.75
1972-04,Special,na
1972-04,Medisave,na
1972-04,Retirement,na
1972-05,Ordinary,5.75
1972-05,Special,na
1972-05,Medisave,na
1972-05,Retirement,na
1972-06,Ordinary,5.75
1972-06,Special,na
1972-06,Medisave,na
1972-06,Retirement,na
1972-07,Ordinary,5.75
1972-07,Special,na
1972-07,Medisave,na
1972-07,Retirement,na
1972-08,Ordinary,5.75
1972-08,Special,na
1972-08,Medisave,na
1972-08,Retirement,na
1972-09,Ordinary,5.75
1972-09,Special,na
1972-09,Medisave,na
1972-09,Retirement,na
1972-10,Ordinary,5.75
1972-10,Special,na
1972-10,Medisave,na
1972-10,Retirement,na
1972-11,Ordinary,5.75
1972-11,Special,na
1972-11,Medisave,na
1972-11,Retirement,na
1972-12,Ordinary,5.75
1972-12,Special,na
1972-12,Medisave,na
1972-12,Retirement,na
1973-01,Ordinary,5.75
1973-01,Special,na
1973-01,Medisave,na
1973-01,Retirement,na
1973-02,Ordinary,5.75
1973-02,Special,na
1973-02,Medisave,na
1973-02,Retirement,na
1973-03,Ordinary,5.75
1973-03,Special,na
1973-03,Medisave,na
1973-03,Retirement,na
1973-04,Ordinary,5.75
1973-04,Special,na
1973-04,Medisave,na
1973-04,Retirement,na
1973-05,Ordinary,5.75
1973-05,Special,na
1973-05,Medisave,na
1973-05,Retirement,na
1973-06,Ordinary,5.75
1973-06,Special,na
1973-06,Medisave,na
1973-06,Retirement,na
1973-07,Ordinary,5.75
1973-07,Special,na
1973-07,Medisave,na
1973-07,Retirement,na
1973-08,Ordinary,5.75
1973-08,Special,na
1973-08,Medisave,na
1973-08,Retirement,na
1973-09,Ordinary,5.75
1973-09,Special,na
1973-09,Medisave,na
1973-09,Retirement,na
1973-10,Ordinary,5.75
1973-10,Special,na
1973-10,Medisave,na
1973-10,Retirement,na
1973-11,Ordinary,5.75
1973-11,Special,na
1973-11,Medisave,na
1973-11,Retirement,na
1973-12,Ordinary,5.75
1973-12,Special,na
1973-12,Medisave,na
1973-12,Retirement,na
1974-01,Ordinary,6.5
1974-01,Special,na
1974-01,Medisave,na
1974-01,Retirement,na
1974-02,Ordinary,6.5
1974-02,Special,na
1974-02,Medisave,na
1974-02,Retirement,na
1974-03,Ordinary,6.5
1974-03,Special,na
1974-03,Medisave,na
1974-03,Retirement,na
1974-04,Ordinary,6.5
1974-04,Special,na
1974-04,Medisave,na
1974-04,Retirement,na
1974-05,Ordinary,6.5
1974-05,Special,na
1974-05,Medisave,na
1974-05,Retirement,na
1974-06,Ordinary,6.5
1974-06,Special,na
1974-06,Medisave,na
1974-06,Retirement,na
1974-07,Ordinary,6.5
1974-07,Special,na
1974-07,Medisave,na
1974-07,Retirement,na
1974-08,Ordinary,6.5
1974-08,Special,na
1974-08,Medisave,na
1974-08,Retirement,na
1974-09,Ordinary,6.5
1974-09,Special,na
1974-09,Medisave,na
1974-09,Retirement,na
1974-10,Ordinary,6.5
1974-10,Special,na
1974-10,Medisave,na
1974-10,Retirement,na
1974-11,Ordinary,6.5
1974-11,Special,na
1974-11,Medisave,na
1974-11,Retirement,na
1974-12,Ordinary,6.5
1974-12,Special,na
1974-12,Medisave,na
1974-12,Retirement,na
1975-01,Ordinary,6.5
1975-01,Special,na
1975-01,Medisave,na
1975-01,Retirement,na
1975-02,Ordinary,6.5
1975-02,Special,na
1975-02,Medisave,na
1975-02,Retirement,na
1975-03,Ordinary,6.5
1975-03,Special,na
1975-03,Medisave,na
1975-03,Retirement,na
1975-04,Ordinary,6.5
1975-04,Special,na
1975-04,Medisave,na
1975-04,Retirement,na
1975-05,Ordinary,6.5
1975-05,Special,na
1975-05,Medisave,na
1975-05,Retirement,na
1975-06,Ordinary,6.5
1975-06,Special,na
1975-06,Medisave,na
1975-06,Retirement,na
1975-07,Ordinary,6.5
1975-07,Special,na
1975-07,Medisave,na
1975-07,Retirement,na
1975-08,Ordinary,6.5
1975-08,Special,na
1975-08,Medisave,na
1975-08,Retirement,na
1975-09,Ordinary,6.5
1975-09,Special,na
1975-09,Medisave,na
1975-09,Retirement,na
1975-10,Ordinary,6.5
1975-10,Special,na
1975-10,Medisave,na
1975-10,Retirement,na
1975-11,Ordinary,6.5
1975-11,Special,na
1975-11,Medisave,na
1975-11,Retirement,na
1975-12,Ordinary,6.5
1975-12,Special,na
1975-12,Medisave,na
1975-12,Retirement,na
1976-01,Ordinary,6.5
1976-01,Special,na
1976-01,Medisave,na
1976-01,Retirement,na
1976-02,Ordinary,6.5
1976-02,Special,na
1976-02,Medisave,na
1976-02,Retirement,na
1976-03,Ordinary,6.5
1976-03,Special,na
1976-03,Medisave,na
1976-03,Retirement,na
1976-04,Ordinary,6.5
1976-04,Special,na
1976-04,Medisave,na
1976-04,Retirement,na
1976-05,Ordinary,6.5
1976-05,Special,na
1976-05,Medisave,na
1976-05,Retirement,na
1976-06,Ordinary,6.5
1976-06,Special,na
1976-06,Medisave,na
1976-06,Retirement,na
1976-07,Ordinary,6.5
1976-07,Special,na
1976-07,Medisave,na
1976-07,Retirement,na
1976-08,Ordinary,6.5
1976-08,Special,na
1976-08,Medisave,na
1976-08,Retirement,na
1976-09,Ordinary,6.5
1976-09,Special,na
1976-09,Medisave,na
1976-09,Retirement,na
1976-10,Ordinary,6.5
1976-10,Special,na
1976-10,Medisave,na
1976-10,Retirement,na
1976-11,Ordinary,6.5
1976-11,Special,na
1976-11,Medisave,na
1976-11,Retirement,na
1976-12,Ordinary,6.5
1976-12,Special,na
1976-12,Medisave,na
1976-12,Retirement,na
1977-01,Ordinary,6.5
1977-01,Special,6.5
1977-01,Medisave,na
1977-01,Retirement,na
1977-02,Ordinary,6.5
1977-02,Special,6.5
1977-02,Medisave,na
1977-02,Retirement,na
1977-03,Ordinary,6.5
1977-03,Special,6.5
1977-03,Medisave,na
1977-03,Retirement,na
1977-04,Ordinary,6.5
1977-04,Special,6.5
1977-04,Medisave,na
1977-04,Retirement,na
1977-05,Ordinary,6.5
1977-05,Special,6.5
1977-05,Medisave,na
1977-05,Retirement,na
1977-06,Ordinary,6.5
1977-06,Special,6.5
1977-06,Medisave,na
1977-06,Retirement,na
1977-07,Ordinary,6.5
1977-07,Special,6.5
1977-07,Medisave,na
1977-07,Retirement,na
1977-08,Ordinary,6.5
1977-08,Special,6.5
1977-08,Medisave,na
1977-08,Retirement,na
1977-09,Ordinary,6.5
1977-09,Special,6.5
1977-09,Medisave,na
1977-09,Retirement,na
1977-10,Ordinary,6.5
1977-10,Special,6.5
1977-10,Medisave,na
1977-10,Retirement,na
1977-11,Ordinary,6.5
1977-11,Special,6.5
1977-11,Medisave,na
1977-11,Retirement,na
1977-12,Ordinary,6.5
1977-12,Special,6.5
1977-12,Medisave,na
1977-12,Retirement,na
1978-01,Ordinary,6.5
1978-01,Special,6.5
1978-01,Medisave,na
1978-01,Retirement,na
1978-02,Ordinary,6.5
1978-02,Special,6.5
1978-02,Medisave,na
1978-02,Retirement,na
1978-03,Ordinary,6.5
1978-03,Special,6.5
1978-03,Medisave,na
1978-03,Retirement,na
1978-04,Ordinary,6.5
1978-04,Special,6.5
1978-04,Medisave,na
1978-04,Retirement,na
1978-05,Ordinary,6.5
1978-05,Special,6.5
1978-05,Medisave,na
1978-05,Retirement,na
1978-06,Ordinary,6.5
1978-06,Special,6.5
1978-06,Medisave,na
1978-06,Retirement,na
1978-07,Ordinary,6.5
1978-07,Special,6.5
1978-07,Medisave,na
1978-07,Retirement,na
1978-08,Ordinary,6.5
1978-08,Special,6.5
1978-08,Medisave,na
1978-08,Retirement,na
1978-09,Ordinary,6.5
1978-09,Special,6.5
1978-09,Medisave,na
1978-09,Retirement,na
1978-10,Ordinary,6.5
1978-10,Special,6.5
1978-10,Medisave,na
1978-10,Retirement,na
1978-11,Ordinary,6.5
1978-11,Special,6.5
1978-11,Medisave,na
1978-11,Retirement,na
1978-12,Ordinary,6.5
1978-12,Special,6.5
1978-12,Medisave,na
1978-12,Retirement,na
1979-01,Ordinary,6.5
1979-01,Special,6.5
1979-01,Medisave,na
1979-01,Retirement,na
1979-02,Ordinary,6.5
1979-02,Special,6.5
1979-02,Medisave,na
1979-02,Retirement,na
1979-03,Ordinary,6.5
1979-03,Special,6.5
1979-03,Medisave,na
1979-03,Retirement,na
1979-04,Ordinary,6.5
1979-04,Special,6.5
1979-04,Medisave,na
1979-04,Retirement,na
1979-05,Ordinary,6.5
1979-05,Special,6.5
1979-05,Medisave,na
1979-05,Retirement,na
1979-06,Ordinary,6.5
1979-06,Special,6.5
1979-06,Medisave,na
1979-06,Retirement,na
1979-07,Ordinary,6.5
1979-07,Special,6.5
1979-07,Medisave,na
1979-07,Retirement,na
1979-08,Ordinary,6.5
1979-08,Special,6.5
1979-08,Medisave,na
1979-08,Retirement,na
1979-09,Ordinary,6.5
1979-09,Special,6.5
1979-09,Medisave,na
1979-09,Retirement,na
1979-10,Ordinary,6.5
1979-10,Special,6.5
1979-10,Medisave,na
1979-10,Retirement,na
1979-11,Ordinary,6.5
1979-11,Special,6.5
1979-11,Medisave,na
1979-11,Retirement,na
1979-12,Ordinary,6.5
1979-12,Special,6.5
1979-12,Medisave,na
1979-12,Retirement,na
1980-01,Ordinary,6.5
1980-01,Special,6.5
1980-01,Medisave,na
1980-01,Retirement,na
1980-02,Ordinary,6.5
1980-02,Special,6.5
1980-02,Medisave,na
1980-02,Retirement,na
1980-03,Ordinary,6.5
1980-03,Special,6.5
1980-03,Medisave,na
1980-03,Retirement,na
1980-04,Ordinary,6.5
1980-04,Special,6.5
1980-04,Medisave,na
1980-04,Retirement,na
1980-05,Ordinary,6.5
1980-05,Special,6.5
1980-05,Medisave,na
1980-05,Retirement,na
1980-06,Ordinary,6.5
1980-06,Special,6.5
1980-06,Medisave,na
1980-06,Retirement,na
1980-07,Ordinary,6.5
1980-07,Special,6.5
1980-07,Medisave,na
1980-07,Retirement,na
1980-08,Ordinary,6.5
1980-08,Special,6.5
1980-08,Medisave,na
1980-08,Retirement,na
1980-09,Ordinary,6.5
1980-09,Special,6.5
1980-09,Medisave,na
1980-09,Retirement,na
1980-10,Ordinary,6.5
1980-10,Special,6.5
1980-10,Medisave,na
1980-10,Retirement,na
1980-11,Ordinary,6.5
1980-11,Special,6.5
1980-11,Medisave,na
1980-11,Retirement,na
1980-12,Ordinary,6.5
1980-12,Special,6.5
1980-12,Medisave,na
1980-12,Retirement,na
1981-01,Ordinary,6.5
1981-01,Special,6.5
1981-01,Medisave,na
1981-01,Retirement,na
1981-02,Ordinary,6.5
1981-02,Special,6.5
1981-02,Medisave,na
1981-02,Retirement,na
1981-03,Ordinary,6.5
1981-03,Special,6.5
1981-03,Medisave,na
1981-03,Retirement,na
1981-04,Ordinary,6.5
1981-04,Special,6.5
1981-04,Medisave,na
1981-04,Retirement,na
1981-05,Ordinary,6.5
1981-05,Special,6.5
1981-05,Medisave,na
1981-05,Retirement,na
1981-06,Ordinary,6.5
1981-06,Special,6.5
1981-06,Medisave,na
1981-06,Retirement,na
1981-07,Ordinary,6.5
1981-07,Special,6.5
1981-07,Medisave,na
1981-07,Retirement,na
1981-08,Ordinary,6.5
1981-08,Special,6.5
1981-08,Medisave,na
1981-08,Retirement,na
1981-09,Ordinary,6.5
1981-09,Special,6.5
1981-09,Medisave,na
1981-09,Retirement,na
1981-10,Ordinary,6.5
1981-10,Special,6.5
1981-10,Medisave,na
1981-10,Retirement,na
1981-11,Ordinary,6.5
1981-11,Special,6.5
1981-11,Medisave,na
1981-11,Retirement,na
1981-12,Ordinary,6.5
1981-12,Special,6.5
1981-12,Medisave,na
1981-12,Retirement,na
1982-01,Ordinary,6.5
1982-01,Special,6.5
1982-01,Medisave,na
1982-01,Retirement,na
1982-02,Ordinary,6.5
1982-02,Special,6.5
1982-02,Medisave,na
1982-02,Retirement,na
1982-03,Ordinary,6.5
1982-03,Special,6.5
1982-03,Medisave,na
1982-03,Retirement,na
1982-04,Ordinary,6.5
1982-04,Special,6.5
1982-04,Medisave,na
1982-04,Retirement,na
1982-05,Ordinary,6.5
1982-05,Special,6.5
1982-05,Medisave,na
1982-05,Retirement,na
1982-06,Ordinary,6.5
1982-06,Special,6.5
1982-06,Medisave,na
1982-06,Retirement,na
1982-07,Ordinary,6.5
1982-07,Special,6.5
1982-07,Medisave,na
1982-07,Retirement,na
1982-08,Ordinary,6.5
1982-08,Special,6.5
1982-08,Medisave,na
1982-08,Retirement,na
1982-09,Ordinary,6.5
1982-09,Special,6.5
1982-09,Medisave,na
1982-09,Retirement,na
1982-10,Ordinary,6.5
1982-10,Special,6.5
1982-10,Medisave,na
1982-10,Retirement,na
1982-11,Ordinary,6.5
1982-11,Special,6.5
1982-11,Medisave,na
1982-11,Retirement,na
1982-12,Ordinary,6.5
1982-12,Special,6.5
1982-12,Medisave,na
1982-12,Retirement,na
1983-01,Ordinary,6.5
1983-01,Special,6.5
1983-01,Medisave,na
1983-01,Retirement,na
1983-02,Ordinary,6.5
1983-02,Special,6.5
1983-02,Medisave,na
1983-02,Retirement,na
1983-03,Ordinary,6.5
1983-03,Special,6.5
1983-03,Medisave,na
1983-03,Retirement,na
1983-04,Ordinary,6.5
1983-04,Special,6.5
1983-04,Medisave,na
1983-04,Retirement,na
1983-05,Ordinary,6.5
1983-05,Special,6.5
1983-05,Medisave,na
1983-05,Retirement,na
1983-06,Ordinary,6.5
1983-06,Special,6.5
1983-06,Medisave,na
1983-06,Retirement,na
1983-07,Ordinary,6.5
1983-07,Special,6.5
1983-07,Medisave,na
1983-07,Retirement,na
1983-08,Ordinary,6.5
1983-08,Special,6.5
1983-08,Medisave,na
1983-08,Retirement,na
1983-09,Ordinary,6.5
1983-09,Special,6.5
1983-09,Medisave,na
1983-09,Retirement,na
1983-10,Ordinary,6.5
1983-10,Special,6.5
1983-10,Medisave,na
1983-10,Retirement,na
1983-11,Ordinary,6.5
1983-11,Special,6.5
1983-11,Medisave,na
1983-11,Retirement,na
1983-12,Ordinary,6.5
1983-12,Special,6.5
1983-12,Medisave,na
1983-12,Retirement,na
1984-01,Ordinary,6.5
1984-01,Special,6.5
1984-01,Medisave,6.5
1984-01,Retirement,na
1984-02,Ordinary,6.5
1984-02,Special,6.5
1984-02,Medisave,6.5
1984-02,Retirement,na
1984-03,Ordinary,6.5
1984-03,Special,6.5
1984-03,Medisave,6.5
1984-03,Retirement,na
1984-04,Ordinary,6.5
1984-04,Special,6.5
1984-04,Medisave,6.5
1984-04,Retirement,na
1984-05,Ordinary,6.5
1984-05,Special,6.5
1984-05,Medisave,6.5
1984-05,Retirement,na
1984-06,Ordinary,6.5
1984-06,Special,6.5
1984-06,Medisave,6.5
1984-06,Retirement,na
1984-07,Ordinary,6.5
1984-07,Special,6.5
1984-07,Medisave,6.5
1984-07,Retirement,na
1984-08,Ordinary,6.5
1984-08,Special,6.5
1984-08,Medisave,6.5
1984-08,Retirement,na
1984-09,Ordinary,6.5
1984-09,Special,6.5
1984-09,Medisave,6.5
1984-09,Retirement,na
1984-10,Ordinary,6.5
1984-10,Special,6.5
1984-10,Medisave,6.5
1984-10,Retirement,na
1984-11,Ordinary,6.5
1984-11,Special,6.5
1984-11,Medisave,6.5
1984-11,Retirement,na
1984-12,Ordinary,6.5
1984-12,Special,6.5
1984-12,Medisave,6.5
1984-12,Retirement,na
1985-01,Ordinary,6.5
1985-01,Special,6.5
1985-01,Medisave,6.5
1985-01,Retirement,na
1985-02,Ordinary,6.5
1985-02,Special,6.5
1985-02,Medisave,6.5
1985-02,Retirement,na
1985-03,Ordinary,6.5
1985-03,Special,6.5
1985-03,Medisave,6.5
1985-03,Retirement,na
1985-04,Ordinary,6.5
1985-04,Special,6.5
1985-04,Medisave,6.5
1985-04,Retirement,na
1985-05,Ordinary,6.5
1985-05,Special,6.5
1985-05,Medisave,6.5
1985-05,Retirement,na
1985-06,Ordinary,6.5
1985-06,Special,6.5
1985-06,Medisave,6.5
1985-06,Retirement,na
1985-07,Ordinary,6.5
1985-07,Special,6.5
1985-07,Medisave,6.5
1985-07,Retirement,na
1985-08,Ordinary,6.5
1985-08,Special,6.5
1985-08,Medisave,6.5
1985-08,Retirement,na
1985-09,Ordinary,6.5
1985-09,Special,6.5
1985-09,Medisave,6.5
1985-09,Retirement,na
1985-10,Ordinary,6.5
1985-10,Special,6.5
1985-10,Medisave,6.5
1985-10,Retirement,na
1985-11,Ordinary,6.5
1985-11,Special,6.5
1985-11,Medisave,6.5
1985-11,Retirement,na
1985-12,Ordinary,6.5
1985-12,Special,6.5
1985-12,Medisave,6.5
1985-12,Retirement,na
1986-01,Ordinary,6.5
1986-01,Special,6.5
1986-01,Medisave,6.5
1986-01,Retirement,na
1986-02,Ordinary,6.5
1986-02,Special,6.5
1986-02,Medisave,6.5
1986-02,Retirement,na
1986-03,Ordinary,5.78
1986-03,Special,5.78
1986-03,Medisave,5.78
1986-03,Retirement,na
1986-04,Ordinary,5.78
1986-04,Special,5.78
1986-04,Medisave,5.78
1986-04,Retirement,na
1986-05,Ordinary,5.78
1986-05,Special,5.78
1986-05,Medisave,5.78
1986-05,Retirement,na
1986-06,Ordinary,5.78
1986-06,Special,5.78
1986-06,Medisave,5.78
1986-06,Retirement,na
1986-07,Ordinary,5.38
1986-07,Special,5.38
1986-07,Medisave,5.38
1986-07,Retirement,na
1986-08,Ordinary,5.38
1986-08,Special,5.38
1986-08,Medisave,5.38
1986-08,Retirement,na
1986-09,Ordinary,5.38
1986-09,Special,5.38
1986-09,Medisave,5.38
1986-09,Retirement,na
1986-10,Ordinary,5.38
1986-10,Special,5.38
1986-10,Medisave,5.38
1986-10,Retirement,na
1986-11,Ordinary,5.38
1986-11,Special,5.38
1986-11,Medisave,5.38
1986-11,Retirement,na
1986-12,Ordinary,5.38
1986-12,Special,5.38
1986-12,Medisave,5.38
1986-12,Retirement,na
1987-01,Ordinary,4.34
1987-01,Special,4.34
1987-01,Medisave,4.34
1987-01,Retirement,4.34
1987-02,Ordinary,4.34
1987-02,Special,4.34
1987-02,Medisave,4.34
1987-02,Retirement,4.34
1987-03,Ordinary,4.34
1987-03,Special,4.34
1987-03,Medisave,4.34
1987-03,Retirement,4.34
1987-04,Ordinary,4.34
1987-04,Special,4.34
1987-04,Medisave,4.34
1987-04,Retirement,4.34
1987-05,Ordinary,4.34
1987-05,Special,4.34
1987-05,Medisave,4.34
1987-05,Retirement,4.34
1987-06,Ordinary,4.34
1987-06,Special,4.34
1987-06,Medisave,4.34
1987-06,Retirement,4.34
1987-07,Ordinary,3.31
1987-07,Special,3.31
1987-07,Medisave,3.31
1987-07,Retirement,3.31
1987-08,Ordinary,3.31
1987-08,Special,3.31
1987-08,Medisave,3.31
1987-08,Retirement,3.31
1987-09,Ordinary,3.31
1987-09,Special,3.31
1987-09,Medisave,3.31
1987-09,Retirement,3.31
1987-10,Ordinary,3.31
1987-10,Special,3.31
1987-10,Medisave,3.31
1987-10,Retirement,3.31
1987-11,Ordinary,3.31
1987-11,Special,3.31
1987-11,Medisave,3.31
1987-11,Retirement,3.31
1987-12,Ordinary,3.31
1987-12,Special,3.31
1987-12,Medisave,3.31
1987-12,Retirement,3.31
1988-01,Ordinary,3.19
1988-01,Special,3.19
1988-01,Medisave,3.19
1988-01,Retirement,3.19
1988-02,Ordinary,3.19
1988-02,Special,3.19
1988-02,Medisave,3.19
1988-02,Retirement,3.19
1988-03,Ordinary,3.19
1988-03,Special,3.19
1988-03,Medisave,3.19
1988-03,Retirement,3.19
1988-04,Ordinary,3.19
1988-04,Special,3.19
1988-04,Medisave,3.19
1988-04,Retirement,3.19
1988-05,Ordinary,3.19
1988-05,Special,3.19
1988-05,Medisave,3.19
1988-05,Retirement,3.19
1988-06,Ordinary,3.19
1988-06,Special,3.19
1988-06,Medisave,3.19
1988-06,Retirement,3.19
1988-07,Ordinary,2.96
1988-07,Special,2.96
1988-07,Medisave,2.96
1988-07,Retirement,2.96
1988-08,Ordinary,2.96
1988-08,Special,2.96
1988-08,Medisave,2.96
1988-08,Retirement,2.96
1988-09,Ordinary,2.96
1988-09,Special,2.96
1988-09,Medisave,2.96
1988-09,Retirement,2.96
1988-10,Ordinary,2.96
1988-10,Special,2.96
1988-10,Medisave,2.96
1988-10,Retirement,2.96
1988-11,Ordinary,2.96
1988-11,Special,2.96
1988-11,Medisave,2.96
1988-11,Retirement,2.96
1988-12,Ordinary,2.96
1988-12,Special,2.96
1988-12,Medisave,2.96
1988-12,Retirement,2.96
1989-01,Ordinary,3.1
1989-01,Special,3.1
1989-01,Medisave,3.1
1989-01,Retirement,3.1
1989-02,Ordinary,3.1
1989-02,Special,3.1
1989-02,Medisave,3.1
1989-02,Retirement,3.1
1989-03,Ordinary,3.1
1989-03,Special,3.1
1989-03,Medisave,3.1
1989-03,Retirement,3.1
1989-04,Ordinary,3.1
1989-04,Special,3.1
1989-04,Medisave,3.1
1989-04,Retirement,3.1
1989-05,Ordinary,3.1
1989-05,Special,3.1
1989-05,Medisave,3.1
1989-05,Retirement,3.1
1989-06,Ordinary,3.1
1989-06,Special,3.1
1989-06,Medisave,3.1
1989-06,Retirement,3.1
1989-07,Ordinary,3.39
1989-07,Special,3.39
1989-07,Medisave,3.39
1989-07,Retirement,3.39
1989-08,Ordinary,3.39
1989-08,Special,3.39
1989-08,Medisave,3.39
1989-08,Retirement,3.39
1989-09,Ordinary,3.39
1989-09,Special,3.39
1989-09,Medisave,3.39
1989-09,Retirement,3.39
1989-10,Ordinary,3.39
1989-10,Special,3.39
1989-10,Medisave,3.39
1989-10,Retirement,3.39
1989-11,Ordinary,3.39
1989-11,Special,3.39
1989-11,Medisave,3.39
1989-11,Retirement,3.39
1989-12,Ordinary,3.39
1989-12,Special,3.39
1989-12,Medisave,3.39
1989-12,Retirement,3.39
1990-01,Ordinary,3.77
1990-01,Special,3.77
1990-01,Medisave,3.77
1990-01,Retirement,3.77
1990-02,Ordinary,3.77
1990-02,Special,3.77
1990-02,Medisave,3.77
1990-02,Retirement,3.77
1990-03,Ordinary,3.77
1990-03,Special,3.77
1990-03,Medisave,3.77
1990-03,Retirement,3.77
1990-04,Ordinary,3.77
1990-04,Special,3.77
1990-04,Medisave,3.77
1990-04,Retirement,3.77
1990-05,Ordinary,3.77
1990-05,Special,3.77
1990-05,Medisave,3.77
1990-05,Retirement,3.77
1990-06,Ordinary,3.77
1990-06,Special,3.77
1990-06,Medisave,3.77
1990-06,Retirement,3.77
1990-07,Ordinary,3.88
1990-07,Special,3.88
1990-07,Medisave,3.88
1990-07,Retirement,3.88
1990-08,Ordinary,3.88
1990-08,Special,3.88
1990-08,Medisave,3.88
1990-08,Retirement,3.88
1990-09,Ordinary,3.88
1990-09,Special,3.88
1990-09,Medisave,3.88
1990-09,Retirement,3.88
1990-10,Ordinary,3.88
1990-10,Special,3.88
1990-10,Medisave,3.88
1990-10,Retirement,3.88
1990-11,Ordinary,3.88
1990-11,Special,3.88
1990-11,Medisave,3.88
1990-11,Retirement,3.88
1990-12,Ordinary,3.88
1990-12,Special,3.88
1990-12,Medisave,3.88
1990-12,Retirement,3.88
1991-01,Ordinary,4.85
1991-01,Special,4.85
1991-01,Medisave,4.85
1991-01,Retirement,4.85
1991-02,Ordinary,4.85
1991-02,Special,4.85
1991-02,Medisave,4.85
1991-02,Retirement,4.85
1991-03,Ordinary,4.85
1991-03,Special,4.85
1991-03,Medisave,4.85
1991-03,Retirement,4.85
1991-04,Ordinary,4.85
1991-04,Special,4.85
1991-04,Medisave,4.85
1991-04,Retirement,4.85
1991-05,Ordinary,4.85
1991-05,Special,4.85
1991-05,Medisave,4.85
1991-05,Retirement,4.85
1991-06,Ordinary,4.85
1991-06,Special,4.85
1991-06,Medisave,4.85
1991-06,Retirement,4.85
1991-07,Ordinary,4.54
1991-07,Special,4.54
1991-07,Medisave,4.54
1991-07,Retirement,4.54
1991-08,Ordinary,4.54
1991-08,Special,4.54
1991-08,Medisave,4.54
1991-08,Retirement,4.54
1991-09,Ordinary,4.54
1991-09,Special,4.54
1991-09,Medisave,4.54
1991-09,Retirement,4.54
1991-10,Ordinary,4.54
1991-10,Special,4.54
1991-10,Medisave,4.54
1991-10,Retirement,4.54
1991-11,Ordinary,4.54
1991-11,Special,4.54
1991-11,Medisave,4.54
1991-11,Retirement,4.54
1991-12,Ordinary,4.54
1991-12,Special,4.54
1991-12,Medisave,4.54
1991-12,Retirement,4.54
1992-01,Ordinary,4.59
1992-01,Special,4.59
1992-01,Medisave,4.59
1992-01,Retirement,4.59
1992-02,Ordinary,4.59
1992-02,Special,4.59
1992-02,Medisave,4.59
1992-02,Retirement,4.59
1992-03,Ordinary,4.59
1992-03,Special,4.59
1992-03,Medisave,4.59
1992-03,Retirement,4.59
1992-04,Ordinary,4.59
1992-04,Special,4.59
1992-04,Medisave,4.59
1992-04,Retirement,4.59
1992-05,Ordinary,4.59
1992-05,Special,4.59
1992-05,Medisave,4.59
1992-05,Retirement,4.59
1992-06,Ordinary,4.59
1992-06,Special,4.59
1992-06,Medisave,4.59
1992-06,Retirement,4.59
1992-07,Ordinary,3.31
1992-07,Special,3.31
1992-07,Medisave,3.31
1992-07,Retirement,3.31
1992-08,Ordinary,3.31
1992-08,Special,3.31
1992-08,Medisave,3.31
1992-08,Retirement,3.31
1992-09,Ordinary,3.31
1992-09,Special,3.31
1992-09,Medisave,3.31
1992-09,Retirement,3.31
1992-10,Ordinary,3.31
1992-10,Special,3.31
1992-10,Medisave,3.31
1992-10,Retirement,3.31
1992-11,Ordinary,3.31
1992-11,Special,3.31
1992-11,Medisave,3.31
1992-11,Retirement,3.31
1992-12,Ordinary,3.31
1992-12,Special,3.31
1992-12,Medisave,3.31
1992-12,Retirement,3.31
1993-01,Ordinary,2.62
1993-01,Special,2.62
1993-01,Medisave,2.62
1993-01,Retirement,2.62
1993-02,Ordinary,2.62
1993-02,Special,2.62
1993-02,Medisave,2.62
1993-02,Retirement,2.62
1993-03,Ordinary,2.62
1993-03,Special,2.62
1993-03,Medisave,2.62
1993-03,Retirement,2.62
1993-04,Ordinary,2.62
1993-04,Special,2.62
1993-04,Medisave,2.62
1993-04,Retirement,2.62
1993-05,Ordinary,2.62
1993-05,Special,2.62
1993-05,Medisave,2.62
1993-05,Retirement,2.62
1993-06,Ordinary,2.62
1993-06,Special,2.62
1993-06,Medisave,2.62
1993-06,Retirement,2.62
1993-07,Ordinary,2.5
1993-07,Special,2.5
1993-07,Medisave,2.5
1993-07,Retirement,2.5
1993-08,Ordinary,2.5
1993-08,Special,2.5
1993-08,Medisave,2.5
1993-08,Retirement,2.5
1993-09,Ordinary,2.5
1993-09,Special,2.5
1993-09,Medisave,2.5
1993-09,Retirement,2.5
1993-10,Ordinary,2.5
1993-10,Special,2.5
1993-10,Medisave,2.5
1993-10,Retirement,2.5
1993-11,Ordinary,2.5
1993-11,Special,2.5
1993-11,Medisave,2.5
1993-11,Retirement,2.5
1993-12,Ordinary,2.5
1993-12,Special,2.5
1993-12,Medisave,2.5
1993-12,Retirement,2.5
1994-01,Ordinary,2.5
1994-01,Special,2.5
1994-01,Medisave,2.5
1994-01,Retirement,2.5
1994-02,Ordinary,2.5
1994-02,Special,2.5
1994-02,Medisave,2.5
1994-02,Retirement,2.5
1994-03,Ordinary,2.5
1994-03,Special,2.5
1994-03,Medisave,2.5
1994-03,Retirement,2.5
1994-04,Ordinary,2.5
1994-04,Special,2.5
1994-04,Medisave,2.5
1994-04,Retirement,2.5
1994-05,Ordinary,2.5
1994-05,Special,2.5
1994-05,Medisave,2.5
1994-05,Retirement,2.5
1994-06,Ordinary,2.5
1994-06,Special,2.5
1994-06,Medisave,2.5
1994-06,Retirement,2.5
1994-07,Ordinary,2.5
1994-07,Special,2.5
1994-07,Medisave,2.5
1994-07,Retirement,2.5
1994-08,Ordinary,2.5
1994-08,Special,2.5
1994-08,Medisave,2.5
1994-08,Retirement,2.5
1994-09,Ordinary,2.5
1994-09,Special,2.5
1994-09,Medisave,2.5
1994-09,Retirement,2.5
1994-10,Ordinary,2.5
1994-10,Special,2.5
1994-10,Medisave,2.5
1994-10,Retirement,2.5
1994-11,Ordinary,2.5
1994-11,Special,2.5
1994-11,Medisave,2.5
1994-11,Retirement,2.5
1994-12,Ordinary,2.5
1994-12,Special,2.5
1994-12,Medisave,2.5
1994-12,Retirement,2.5
1995-01,Ordinary,3.1
1995-01,Special,3.1
1995-01,Medisave,3.1
1995-01,Retirement,3.1
1995-02,Ordinary,3.1
1995-02,Special,3.1
1995-02,Medisave,3.1
1995-02,Retirement,3.1
1995-03,Ordinary,3.1
1995-03,Special,3.1
1995-03,Medisave,3.1
1995-03,Retirement,3.1
1995-04,Ordinary,3.1
1995-04,Special,3.1
1995-04,Medisave,3.1
1995-04,Retirement,3.1
1995-05,Ordinary,3.1
1995-05,Special,3.1
1995-05,Medisave,3.1
1995-05,Retirement,3.1
1995-06,Ordinary,3.1
1995-06,Special,3.1
1995-06,Medisave,3.1
1995-06,Retirement,3.1
1995-07,Ordinary,3.82
1995-07,Special,5.07
1995-07,Medisave,3.82
1995-07,Retirement,5.07
1995-08,Ordinary,3.82
1995-08,Special,5.07
1995-08,Medisave,3.82
1995-08,Retirement,5.07
1995-09,Ordinary,3.82
1995-09,Special,5.07
1995-09,Medisave,3.82
1995-09,Retirement,5.07
1995-10,Ordinary,3.82
1995-10,Special,5.07
1995-10,Medisave,3.82
1995-10,Retirement,5.07
1995-11,Ordinary,3.82
1995-11,Special,5.07
1995-11,Medisave,3.82
1995-11,Retirement,5.07
1995-12,Ordinary,3.82
1995-12,Special,5.07
1995-12,Medisave,3.82
1995-12,Retirement,5.07
1996-01,Ordinary,3.52
1996-01,Special,4.77
1996-01,Medisave,3.52
1996-01,Retirement,4.77
1996-02,Ordinary,3.52
1996-02,Special,4.77
1996-02,Medisave,3.52
1996-02,Retirement,4.77
1996-03,Ordinary,3.52
1996-03,Special,4.77
1996-03,Medisave,3.52
1996-03,Retirement,4.77
1996-04,Ordinary,3.52
1996-04,Special,4.77
1996-04,Medisave,3.52
1996-04,Retirement,4.77
1996-05,Ordinary,3.52
1996-05,Special,4.77
1996-05,Medisave,3.52
1996-05,Retirement,4.77
1996-06,Ordinary,3.52
1996-06,Special,4.77
1996-06,Medisave,3.52
1996-06,Retirement,4.77
1996-07,Ordinary,3.48
1996-07,Special,4.73
1996-07,Medisave,3.48
1996-07,Retirement,4.73
1996-08,Ordinary,3.48
1996-08,Special,4.73
1996-08,Medisave,3.48
1996-08,Retirement,4.73
1996-09,Ordinary,3.48
1996-09,Special,4.73
1996-09,Medisave,3.48
1996-09,Retirement,4.73
1996-10,Ordinary,3.48
1996-10,Special,4.73
1996-10,Medisave,3.48
1996-10,Retirement,4.73
1996-11,Ordinary,3.48
1996-11,Special,4.73
1996-11,Medisave,3.48
1996-11,Retirement,4.73
1996-12,Ordinary,3.48
1996-12,Special,4.73
1996-12,Medisave,3.48
1996-12,Retirement,4.73
1997-01,Ordinary,3.48
1997-01,Special,4.73
1997-01,Medisave,3.48
1997-01,Retirement,4.73
1997-02,Ordinary,3.48
1997-02,Special,4.73
1997-02,Medisave,3.48
1997-02,Retirement,4.73
1997-03,Ordinary,3.48
1997-03,Special,4.73
1997-03,Medisave,3.48
1997-03,Retirement,4.73
1997-04,Ordinary,3.48
1997-04,Special,4.73
1997-04,Medisave,3.48
1997-04,Retirement,4.73
1997-05,Ordinary,3.48
1997-05,Special,4.73
1997-05,Medisave,3.48
1997-05,Retirement,4.73
1997-06,Ordinary,3.48
1997-06,Special,4.73
1997-06,Medisave,3.48
1997-06,Retirement,4.73
1997-07,Ordinary,3.48
1997-07,Special,4.73
1997-07,Medisave,3.48
1997-07,Retirement,4.73
1997-08,Ordinary,3.48
1997-08,Special,4.73
1997-08,Medisave,3.48
1997-08,Retirement,4.73
1997-09,Ordinary,3.48
1997-09,Special,4.73
1997-09,Medisave,3.48
1997-09,Retirement,4.73
1997-10,Ordinary,3.48
1997-10,Special,4.73
1997-10,Medisave,3.48
1997-10,Retirement,4.73
1997-11,Ordinary,3.48
1997-11,Special,4.73
1997-11,Medisave,3.48
1997-11,Retirement,4.73
1997-12,Ordinary,3.48
1997-12,Special,4.73
1997-12,Medisave,3.48
1997-12,Retirement,4.73
1998-01,Ordinary,3.48
1998-01,Special,4.73
1998-01,Medisave,3.48
1998-01,Retirement,4.73
1998-02,Ordinary,3.48
1998-02,Special,4.73
1998-02,Medisave,3.48
1998-02,Retirement,4.73
1998-03,Ordinary,3.48
1998-03,Special,4.73
1998-03,Medisave,3.48
1998-03,Retirement,4.73
1998-04,Ordinary,3.48
1998-04,Special,4.73
1998-04,Medisave,3.48
1998-04,Retirement,4.73
1998-05,Ordinary,3.48
1998-05,Special,4.73
1998-05,Medisave,3.48
1998-05,Retirement,4.73
1998-06,Ordinary,3.48
1998-06,Special,4.73
1998-06,Medisave,3.48
1998-06,Retirement,4.73
1998-07,Ordinary,4.29
1998-07,Special,5.79
1998-07,Medisave,4.29
1998-07,Retirement,5.79
1998-08,Ordinary,4.29
1998-08,Special,5.79
1998-08,Medisave,4.29
1998-08,Retirement,5.79
1998-09,Ordinary,4.29
1998-09,Special,5.79
1998-09,Medisave,4.29
1998-09,Retirement,5.79
1998-10,Ordinary,4.29
1998-10,Special,5.79
1998-10,Medisave,4.29
1998-10,Retirement,5.79
1998-11,Ordinary,4.29
1998-11,Special,5.79
1998-11,Medisave,4.29
1998-11,Retirement,5.79
1998-12,Ordinary,4.29
1998-12,Special,5.79
1998-12,Medisave,4.29
1998-12,Retirement,5.79
1999-01,Ordinary,4.41
1999-01,Special,5.91
1999-01,Medisave,4.41
1999-01,Retirement,5.91
1999-02,Ordinary,4.41
1999-02,Special,5.91
1999-02,Medisave,4.41
1999-02,Retirement,5.91
1999-03,Ordinary,4.41
1999-03,Special,5.91
1999-03,Medisave,4.41
1999-03,Retirement,5.91
1999-04,Ordinary,4.41
1999-04,Special,5.91
1999-04,Medisave,4.41
1999-04,Retirement,5.91
1999-05,Ordinary,4.41
1999-05,Special,5.91
1999-05,Medisave,4.41
1999-05,Retirement,5.91
1999-06,Ordinary,4.41
1999-06,Special,5.91
1999-06,Medisave,4.41
1999-06,Retirement,5.91
1999-07,Ordinary,2.5
1999-07,Special,4
1999-07,Medisave,2.5
1999-07,Retirement,4
1999-08,Ordinary,2.5
1999-08,Special,4
1999-08,Medisave,2.5
1999-08,Retirement,4
1999-09,Ordinary,2.5
1999-09,Special,4
1999-09,Medisave,2.5
1999-09,Retirement,4
1999-10,Ordinary,2.5
1999-10,Special,4
1999-10,Medisave,2.5
1999-10,Retirement,4
1999-11,Ordinary,2.5
1999-11,Special,4
1999-11,Medisave,2.5
1999-11,Retirement,4
1999-12,Ordinary,2.5
1999-12,Special,4
1999-12,Medisave,2.5
1999-12,Retirement,4
2000-01,Ordinary,2.5
2000-01,Special,4
2000-01,Medisave,2.5
2000-01,Retirement,4
2000-02,Ordinary,2.5
2000-02,Special,4
2000-02,Medisave,2.5
2000-02,Retirement,4
2000-03,Ordinary,2.5
2000-03,Special,4
2000-03,Medisave,2.5
2000-03,Retirement,4
2000-04,Ordinary,2.5
2000-04,Special,4
2000-04,Medisave,2.5
2000-04,Retirement,4
2000-05,Ordinary,2.5
2000-05,Special,4
2000-05,Medisave,2.5
2000-05,Retirement,4
2000-06,Ordinary,2.5
2000-06,Special,4
2000-06,Medisave,2.5
2000-06,Retirement,4
2000-07,Ordinary,2.5
2000-07,Special,4
2000-07,Medisave,2.5
2000-07,Retirement,4
2000-08,Ordinary,2.5
2000-08,Special,4
2000-08,Medisave,2.5
2000-08,Retirement,4
2000-09,Ordinary,2.5
2000-09,Special,4
2000-09,Medisave,2.5
2000-09,Retirement,4
2000-10,Ordinary,2.5
2000-10,Special,4
2000-10,Medisave,2.5
2000-10,Retirement,4
2000-11,Ordinary,2.5
2000-11,Special,4
2000-11,Medisave,2.5
2000-11,Retirement,4
2000-12,Ordinary,2.5
2000-12,Special,4
2000-12,Medisave,2.5
2000-12,Retirement,4
2001-01,Ordinary,2.5
2001-01,Special,4
2001-01,Medisave,2.5
2001-01,Retirement,4
2001-02,Ordinary,2.5
2001-02,Special,4
2001-02,Medisave,2.5
2001-02,Retirement,4
2001-03,Ordinary,2.5
2001-03,Special,4
2001-03,Medisave,2.5
2001-03,Retirement,4
2001-04,Ordinary,2.5
2001-04,Special,4
2001-04,Medisave,2.5
2001-04,Retirement,4
2001-05,Ordinary,2.5
2001-05,Special,4
2001-05,Medisave,2.5
2001-05,Retirement,4
2001-06,Ordinary,2.5
2001-06,Special,4
2001-06,Medisave,2.5
2001-06,Retirement,4
2001-07,Ordinary,2.5
2001-07,Special,4
2001-07,Medisave,2.5
2001-07,Retirement,4
2001-08,Ordinary,2.5
2001-08,Special,4
2001-08,Medisave,2.5
2001-08,Retirement,4
2001-09,Ordinary,2.5
2001-09,Special,4
2001-09,Medisave,2.5
2001-09,Retirement,4
2001-10,Ordinary,2.5
2001-10,Special,4
2001-10,Medisave,4
2001-10,Retirement,4
2001-11,Ordinary,2.5
2001-11,Special,4
2001-11,Medisave,4
2001-11,Retirement,4
2001-12,Ordinary,2.5
2001-12,Special,4
2001-12,Medisave,4
2001-12,Retirement,4
2002-01,Ordinary,2.5
2002-01,Special,4
2002-01,Medisave,4
2002-01,Retirement,4
2002-02,Ordinary,2.5
2002-02,Special,4
2002-02,Medisave,4
2002-02,Retirement,4
2002-03,Ordinary,2.5
2002-03,Special,4
2002-03,Medisave,4
2002-03,Retirement,4
2002-04,Ordinary,2.5
2002-04,Special,4
2002-04,Medisave,4
2002-04,Retirement,4
2002-05,Ordinary,2.5
2002-05,Special,4
2002-05,Medisave,4
2002-05,Retirement,4
2002-06,Ordinary,2.5
2002-06,Special,4
2002-06,Medisave,4
2002-06,Retirement,4
2002-07,Ordinary,2.5
2002-07,Special,4
2002-07,Medisave,4
2002-07,Retirement,4
2002-08,Ordinary,2.5
2002-08,Special,4
2002-08,Medisave,4
2002-08,Retirement,4
2002-09,Ordinary,2.5
2002-09,Special,4
2002-09,Medisave,4
2002-09,Retirement,4
2002-10,Ordinary,2.5
2002-10,Special,4
2002-10,Medisave,4
2002-10,Retirement,4
2002-11,Ordinary,2.5
2002-11,Special,4
2002-11,Medisave,4
2002-11,Retirement,4
2002-12,Ordinary,2.5
2002-12,Special,4
2002-12,Medisave,4
2002-12,Retirement,4
2003-01,Ordinary,2.5
2003-01,Special,4
2003-01,Medisave,4
2003-01,Retirement,4
2003-02,Ordinary,2.5
2003-02,Special,4
2003-02,Medisave,4
2003-02,Retirement,4
2003-03,Ordinary,2.5
2003-03,Special,4
2003-03,Medisave,4
2003-03,Retirement,4
2003-04,Ordinary,2.5
2003-04,Special,4
2003-04,Medisave,4
2003-04,Retirement,4
2003-05,Ordinary,2.5
2003-05,Special,4
2003-05,Medisave,4
2003-05,Retirement,4
2003-06,Ordinary,2.5
2003-06,Special,4
2003-06,Medisave,4
2003-06,Retirement,4
2003-07,Ordinary,2.5
2003-07,Special,4
2003-07,Medisave,4
2003-07,Retirement,4
2003-08,Ordinary,2.5
2003-08,Special,4
2003-08,Medisave,4
2003-08,Retirement,4
2003-09,Ordinary,2.5
2003-09,Special,4
2003-09,Medisave,4
2003-09,Retirement,4
2003-10,Ordinary,2.5
2003-10,Special,4
2003-10,Medisave,4
2003-10,Retirement,4
2003-11,Ordinary,2.5
2003-11,Special,4
2003-11,Medisave,4
2003-11,Retirement,4
2003-12,Ordinary,2.5
2003-12,Special,4
2003-12,Medisave,4
2003-12,Retirement,4
2004-01,Ordinary,2.5
2004-01,Special,4
2004-01,Medisave,4
2004-01,Retirement,4
2004-02,Ordinary,2.5
2004-02,Special,4
2004-02,Medisave,4
2004-02,Retirement,4
2004-03,Ordinary,2.5
2004-03,Special,4
2004-03,Medisave,4
2004-03,Retirement,4
2004-04,Ordinary,2.5
2004-04,Special,4
2004-04,Medisave,4
2004-04,Retirement,4
2004-05,Ordinary,2.5
2004-05,Special,4
2004-05,Medisave,4
2004-05,Retirement,4
2004-06,Ordinary,2.5
2004-06,Special,4
2004-06,Medisave,4
2004-06,Retirement,4
2004-07,Ordinary,2.5
2004-07,Special,4
2004-07,Medisave,4
2004-07,Retirement,4
2004-08,Ordinary,2.5
2004-08,Special,4
2004-08,Medisave,4
2004-08,Retirement,4
2004-09,Ordinary,2.5
2004-09,Special,4
2004-09,Medisave,4
2004-09,Retirement,4
2004-10,Ordinary,2.5
2004-10,Special,4
2004-10,Medisave,4
2004-10,Retirement,4
2004-11,Ordinary,2.5
2004-11,Special,4
2004-11,Medisave,4
2004-11,Retirement,4
2004-12,Ordinary,2.5
2004-12,Special,4
2004-12,Medisave,4
2004-12,Retirement,4
2005-01,Ordinary,2.5
2005-01,Special,4
2005-01,Medisave,4
2005-01,Retirement,4
2005-02,Ordinary,2.5
2005-02,Special,4
2005-02,Medisave,4
2005-02,Retirement,4
2005-03,Ordinary,2.5
2005-03,Special,4
2005-03,Medisave,4
2005-03,Retirement,4
2005-04,Ordinary,2.5
2005-04,Special,4
2005-04,Medisave,4
2005-04,Retirement,4
2005-05,Ordinary,2.5
2005-05,Special,4
2005-05,Medisave,4
2005-05,Retirement,4
2005-06,Ordinary,2.5
2005-06,Special,4
2005-06,Medisave,4
2005-06,Retirement,4
2005-07,Ordinary,2.5
2005-07,Special,4
2005-07,Medisave,4
2005-07,Retirement,4
2005-08,Ordinary,2.5
2005-08,Special,4
2005-08,Medisave,4
2005-08,Retirement,4
2005-09,Ordinary,2.5
2005-09,Special,4
2005-09,Medisave,4
2005-09,Retirement,4
2005-10,Ordinary,2.5
2005-10,Special,4
2005-10,Medisave,4
2005-10,Retirement,4
2005-11,Ordinary,2.5
2005-11,Special,4
2005-11,Medisave,4
2005-11,Retirement,4
2005-12,Ordinary,2.5
2005-12,Special,4
2005-12,Medisave,4
2005-12,Retirement,4
2006-01,Ordinary,2.5
2006-01,Special,4
2006-01,Medisave,4
2006-01,Retirement,4
2006-02,Ordinary,2.5
2006-02,Special,4
2006-02,Medisave,4
2006-02,Retirement,4
2006-03,Ordinary,2.5
2006-03,Special,4
2006-03,Medisave,4
2006-03,Retirement,4
2006-04,Ordinary,2.5
2006-04,Special,4
2006-04,Medisave,4
2006-04,Retirement,4
2006-05,Ordinary,2.5
2006-05,Special,4
2006-05,Medisave,4
2006-05,Retirement,4
2006-06,Ordinary,2.5
2006-06,Special,4
2006-06,Medisave,4
2006-06,Retirement,4
2006-07,Ordinary,2.5
2006-07,Special,4
2006-07,Medisave,4
2006-07,Retirement,4
2006-08,Ordinary,2.5
2006-08,Special,4
2006-08,Medisave,4
2006-08,Retirement,4
2006-09,Ordinary,2.5
2006-09,Special,4
2006-09,Medisave,4
2006-09,Retirement,4
2006-10,Ordinary,2.5
2006-10,Special,4
2006-10,Medisave,4
2006-10,Retirement,4
2006-11,Ordinary,2.5
2006-11,Special,4
2006-11,Medisave,4
2006-11,Retirement,4
2006-12,Ordinary,2.5
2006-12,Special,4
2006-12,Medisave,4
2006-12,Retirement,4
2007-01,Ordinary,2.5
2007-01,Special,4
2007-01,Medisave,4
2007-01,Retirement,4
2007-02,Ordinary,2.5
2007-02,Special,4
2007-02,Medisave,4
2007-02,Retirement,4
2007-03,Ordinary,2.5
2007-03,Special,4
2007-03,Medisave,4
2007-03,Retirement,4
2007-04,Ordinary,2.5
2007-04,Special,4
2007-04,Medisave,4
2007-04,Retirement,4
2007-05,Ordinary,2.5
2007-05,Special,4
2007-05,Medisave,4
2007-05,Retirement,4
2007-06,Ordinary,2.5
2007-06,Special,4
2007-06,Medisave,4
2007-06,Retirement,4
2007-07,Ordinary,2.5
2007-07,Special,4
2007-07,Medisave,4
2007-07,Retirement,4
2007-08,Ordinary,2.5
2007-08,Special,4
2007-08,Medisave,4
2007-08,Retirement,4
2007-09,Ordinary,2.5
2007-09,Special,4
2007-09,Medisave,4
2007-09,Retirement,4
2007-10,Ordinary,2.5
2007-10,Special,4
2007-10,Medisave,4
2007-10,Retirement,4
2007-11,Ordinary,2.5
2007-11,Special,4
2007-11,Medisave,4
2007-11,Retirement,4
2007-12,Ordinary,2.5
2007-12,Special,4
2007-12,Medisave,4
2007-12,Retirement,4
2008-01,Ordinary,3.5
2008-01,Special,5
2008-01,Medisave,5
2008-01,Retirement,5
2008-02,Ordinary,3.5
2008-02,Special,5
2008-02,Medisave,5
2008-02,Retirement,5
2008-03,Ordinary,3.5
2008-03,Special,5
2008-03,Medisave,5
2008-03,Retirement,5
2008-04,Ordinary,3.5
2008-04,Special,5
2008-04,Medisave,5
2008-04,Retirement,5
2008-05,Ordinary,3.5
2008-05,Special,5
2008-05,Medisave,5
2008-05,Retirement,5
2008-06,Ordinary,3.5
2008-06,Special,5
2008-06,Medisave,5
2008-06,Retirement,5
2008-07,Ordinary,3.5
2008-07,Special,5
2008-07,Medisave,5
2008-07,Retirement,5
2008-08,Ordinary,3.5
2008-08,Special,5
2008-08,Medisave,5
2008-08,Retirement,5
2008-09,Ordinary,3.5
2008-09,Special,5
2008-09,Medisave,5
2008-09,Retirement,5
2008-10,Ordinary,3.5
2008-10,Special,5
2008-10,Medisave,5
2008-10,Retirement,5
2008-11,Ordinary,3.5
2008-11,Special,5
2008-11,Medisave,5
2008-11,Retirement,5
2008-12,Ordinary,3.5
2008-12,Special,5
2008-12,Medisave,5
2008-12,Retirement,5
2009-01,Ordinary,3.5
2009-01,Special,5
2009-01,Medisave,5
2009-01,Retirement,5
2009-02,Ordinary,3.5
2009-02,Special,5
2009-02,Medisave,5
2009-02,Retirement,5
2009-03,Ordinary,3.5
2009-03,Special,5
2009-03,Medisave,5
2009-03,Retirement,5
2009-04,Ordinary,3.5
2009-04,Special,5
2009-04,Medisave,5
2009-04,Retirement,5
2009-05,Ordinary,3.5
2009-05,Special,5
2009-05,Medisave,5
2009-05,Retirement,5
2009-06,Ordinary,3.5
2009-06,Special,5
2009-06,Medisave,5
2009-06,Retirement,5
2009-07,Ordinary,3.5
2009-07,Special,5
2009-07,Medisave,5
2009-07,Retirement,5
2009-08,Ordinary,3.5
2009-08,Special,5
2009-08,Medisave,5
2009-08,Retirement,5
2009-09,Ordinary,3.5
2009-09,Special,5
2009-09,Medisave,5
2009-09,Retirement,5
2009-10,Ordinary,3.5
2009-10,Special,5
2009-10,Medisave,5
2009-10,Retirement,5
2009-11,Ordinary,3.5
2009-11,Special,5
2009-11,Medisave,5
2009-11,Retirement,5
2009-12,Ordinary,3.5
2009-12,Special,5
2009-12,Medisave,5
2009-12,Retirement,5
2010-01,Ordinary,3.5
2010-01,Special,5
2010-01,Medisave,5
2010-01,Retirement,5
2010-02,Ordinary,3.5
2010-02,Special,5
2010-02,Medisave,5
2010-02,Retirement,5
2010-03,Ordinary,3.5
2010-03,Special,5
2010-03,Medisave,5
2010-03,Retirement,5
2010-04,Ordinary,3.5
2010-04,Special,5
2010-04,Medisave,5
2010-04,Retirement,5
2010-05,Ordinary,3.5
2010-05,Special,5
2010-05,Medisave,5
2010-05,Retirement,5
2010-06,Ordinary,3.5
2010-06,Special,5
2010-06,Medisave,5
2010-06,Retirement,5
2010-07,Ordinary,3.5
2010-07,Special,5
2010-07,Medisave,5
2010-07,Retirement,5
2010-08,Ordinary,3.5
2010-08,Special,5
2010-08,Medisave,5
2010-08,Retirement,5
2010-09,Ordinary,3.5
2010-09,Special,5
2010-09,Medisave,5
2010-09,Retirement,5
2010-10,Ordinary,3.5
2010-10,Special,5
2010-10,Medisave,5
2010-10,Retirement,5
2010-11,Ordinary,3.5
2010-11,Special,5
2010-11,Medisave,5
2010-11,Retirement,5
2010-12,Ordinary,3.5
2010-12,Special,5
2010-12,Medisave,5
2010-12,Retirement,5
2011-01,Ordinary,3.5
2011-01,Special,5
2011-01,Medisave,5
2011-01,Retirement,5
2011-02,Ordinary,3.5
2011-02,Special,5
2011-02,Medisave,5
2011-02,Retirement,5
2011-03,Ordinary,3.5
2011-03,Special,5
2011-03,Medisave,5
2011-03,Retirement,5
2011-04,Ordinary,3.5
2011-04,Special,5
2011-04,Medisave,5
2011-04,Retirement,5
2011-05,Ordinary,3.5
2011-05,Special,5
2011-05,Medisave,5
2011-05,Retirement,5
2011-06,Ordinary,3.5
2011-06,Special,5
2011-06,Medisave,5
2011-06,Retirement,5
2011-07,Ordinary,3.5
2011-07,Special,5
2011-07,Medisave,5
2011-07,Retirement,5
2011-08,Ordinary,3.5
2011-08,Special,5
2011-08,Medisave,5
2011-08,Retirement,5
2011-09,Ordinary,3.5
2011-09,Special,5
2011-09,Medisave,5
2011-09,Retirement,5
2011-10,Ordinary,3.5
2011-10,Special,5
2011-10,Medisave,5
2011-10,Retirement,5
2011-11,Ordinary,3.5
2011-11,Special,5
2011-11,Medisave,5
2011-11,Retirement,5
2011-12,Ordinary,3.5
2011-12,Special,5
2011-12,Medisave,5
2011-12,Retirement,5
2012-01,Ordinary,3.5
2012-01,Special,5
2012-01,Medisave,5
2012-01,Retirement,5
2012-02,Ordinary,3.5
2012-02,Special,5
2012-02,Medisave,5
2012-02,Retirement,5
2012-03,Ordinary,3.5
2012-03,Special,5
2012-03,Medisave,5
2012-03,Retirement,5
2012-04,Ordinary,3.5
2012-04,Special,5
2012-04,Medisave,5
2012-04,Retirement,5
2012-05,Ordinary,3.5
2012-05,Special,5
2012-05,Medisave,5
2012-05,Retirement,5
2012-06,Ordinary,3.5
2012-06,Special,5
2012-06,Medisave,5
2012-06,Retirement,5
2012-07,Ordinary,3.5
2012-07,Special,5
2012-07,Medisave,5
2012-07,Retirement,5
2012-08,Ordinary,3.5
2012-08,Special,5
2012-08,Medisave,5
2012-08,Retirement,5
2012-09,Ordinary,3.5
2012-09,Special,5
2012-09,Medisave,5
2012-09,Retirement,5
2012-10,Ordinary,3.5
2012-10,Special,5
2012-10,Medisave,5
2012-10,Retirement,5
2012-11,Ordinary,3.5
2012-11,Special,5
2012-11,Medisave,5
2012-11,Retirement,5
2012-12,Ordinary,3.5
2012-12,Special,5
2012-12,Medisave,5
2012-12,Retirement,5
2013-01,Ordinary,3.5
2013-01,Special,5
2013-01,Medisave,5
2013-01,Retirement,5
2013-02,Ordinary,3.5
2013-02,Special,5
2013-02,Medisave,5
2013-02,Retirement,5
2013-03,Ordinary,3.5
2013-03,Special,5
2013-03,Medisave,5
2013-03,Retirement,5
2013-04,Ordinary,3.5
2013-04,Special,5
2013-04,Medisave,5
2013-04,Retirement,5
2013-05,Ordinary,3.5
2013-05,Special,5
2013-05,Medisave,5
2013-05,Retirement,5
2013-06,Ordinary,3.5
2013-06,Special,5
2013-06,Medisave,5
2013-06,Retirement,5
2013-07,Ordinary,3.5
2013-07,Special,5
2013-07,Medisave,5
2013-07,Retirement,5
2013-08,Ordinary,3.5
2013-08,Special,5
2013-08,Medisave,5
2013-08,Retirement,5
2013-09,Ordinary,3.5
2013-09,Special,5
2013-09,Medisave,5
2013-09,Retirement,5
2013-10,Ordinary,3.5
2013-10,Special,5
2013-10,Medisave,5
2013-10,Retirement,5
2013-11,Ordinary,3.5
2013-11,Special,5
2013-11,Medisave,5
2013-11,Retirement,5
2013-12,Ordinary,3.5
2013-12,Special,5
2013-12,Medisave,5
2013-12,Retirement,5
2014-01,Ordinary,3.5
2014-01,Special,5
2014-01,Medisave,5
2014-01,Retirement,5
2014-02,Ordinary,3.5
2014-02,Special,5
2014-02,Medisave,5
2014-02,Retirement,5
2014-03,Ordinary,3.5
2014-03,Special,5
2014-03,Medisave,5
2014-03,Retirement,5
2014-04,Ordinary,3.5
2014-04,Special,5
2014-04,Medisave,5
2014-04,Retirement,5
2014-05,Ordinary,3.5
2014-05,Special,5
2014-05,Medisave,5
2014-05,Retirement,5
2014-06,Ordinary,3.5
2014-06,Special,5
2014-06,Medisave,5
2014-06,Retirement,5
2014-07,Ordinary,3.5
2014-07,Special,5
2014-07,Medisave,5
2014-07,Retirement,5
2014-08,Ordinary,3.5
2014-08,Special,5
2014-08,Medisave,5
2014-08,Retirement,5
2014-09,Ordinary,3.5
2014-09,Special,5
2014-09,Medisave,5
2014-09,Retirement,5
2014-10,Ordinary,3.5
2014-10,Special,5
2014-10,Medisave,5
2014-10,Retirement,5
2014-11,Ordinary,3.5
2014-11,Special,5
2014-11,Medisave,5
2014-11,Retirement,5
2014-12,Ordinary,3.5
2014-12,Special,5
2014-12,Medisave,5
2014-12,Retirement,5
2015-01,Ordinary,3.5
2015-01,Special,5
2015-01,Medisave,5
2015-01,Retirement,5
2015-02,Ordinary,3.5
2015-02,Special,5
2015-02,Medisave,5
2015-02,Retirement,5
2015-03,Ordinary,3.5
2015-03,Special,5
2015-03,Medisave,5
2015-03,Retirement,5
2015-04,Ordinary,3.5
2015-04,Special,5
2015-04,Medisave,5
2015-04,Retirement,5
2015-05,Ordinary,3.5
2015-05,Special,5
2015-05,Medisave,5
2015-05,Retirement,5
2015-06,Ordinary,3.5
2015-06,Special,5
2015-06,Medisave,5
2015-06,Retirement,5
2015-07,Ordinary,3.5
2015-07,Special,5
2015-07,Medisave,5
2015-07,Retirement,5
2015-08,Ordinary,3.5
2015-08,Special,5
2015-08,Medisave,5
2015-08,Retirement,5
2015-09,Ordinary,3.5
2015-09,Special,5
2015-09,Medisave,5
2015-09,Retirement,5
2015-10,Ordinary,3.5
2015-10,Special,5
2015-10,Medisave,5
2015-10,Retirement,5
2015-11,Ordinary,3.5
2015-11,Special,5
2015-11,Medisave,5
2015-11,Retirement,5
2015-12,Ordinary,3.5
2015-12,Special,5
2015-12,Medisave,5
2015-12,Retirement,5
2016-01,Ordinary,3.5
2016-01,Special,5
2016-01,Medisave,5
2016-01,Retirement,5
2016-02,Ordinary,3.5
2016-02,Special,5
2016-02,Medisave,5
2016-02,Retirement,5
2016-03,Ordinary,3.5
2016-03,Special,5
2016-03,Medisave,5
2016-03,Retirement,5
2016-04,Ordinary,3.5
2016-04,Special,5
2016-04,Medisave,5
2016-04,Retirement,5
2016-05,Ordinary,3.5
2016-05,Special,5
2016-05,Medisave,5
2016-05,Retirement,5
2016-06,Ordinary,3.5
2016-06,Special,5
2016-06,Medisave,5
2016-06,Retirement,5
2016-07,Ordinary,3.5
2016-07,Special,5
2016-07,Medisave,5
2016-07,Retirement,5
2016-08,Ordinary,3.5
2016-08,Special,5
2016-08,Medisave,5
2016-08,Retirement,5
2016-09,Ordinary,3.5
2016-09,Special,5
2016-09,Medisave,5
2016-09,Retirement,5
2016-10,Ordinary,3.5
2016-10,Special,5
2016-10,Medisave,5
2016-10,Retirement,5
2016-11,Ordinary,3.5
2016-11,Special,5
2016-11,Medisave,5
2016-11,Retirement,5
2016-12,Ordinary,3.5
2016-12,Special,5
2016-12,Medisave,5
2016-12,Retirement,5
2017-01,Ordinary,3.5
2017-01,Special,5
2017-01,Medisave,5
2017-01,Retirement,5
2017-02,Ordinary,3.5
2017-02,Special,5
2017-02,Medisave,5
2017-02,Retirement,5
2017-03,Ordinary,3.5
2017-03,Special,5
2017-03,Medisave,5
2017-03,Retirement,5
2017-04,Ordinary,3.5
2017-04,Special,5
2017-04,Medisave,5
2017-04,Retirement,5
2017-05,Ordinary,3.5
2017-05,Special,5
2017-05,Medisave,5
2017-05,Retirement,5
2017-06,Ordinary,3.5
2017-06,Special,5
2017-06,Medisave,5
2017-06,Retirement,5
2017-07,Ordinary,3.5
2017-07,Special,5
2017-07,Medisave,5
2017-07,Retirement,5
2017-08,Ordinary,3.5
2017-08,Special,5
2017-08,Medisave,5
2017-08,Retirement,5
2017-09,Ordinary,3.5
2017-09,Special,5
2017-09,Medisave,5
2017-09,Retirement,5
2017-10,Ordinary,3.5
2017-10,Special,5
2017-10,Medisave,5
2017-10,Retirement,5
2017-11,Ordinary,3.5
2017-11,Special,5
2017-11,Medisave,5
2017-11,Retirement,5
2017-12,Ordinary,3.5
2017-12,Special,5
2017-12,Medisave,5
2017-12,Retirement,5
2018-01,Ordinary,3.5
2018-01,Special,5
2018-01,Medisave,5
2018-01,Retirement,5
2018-02,Ordinary,3.5
2018-02,Special,5
2018-02,Medisave,5
2018-02,Retirement,5
2018-03,Ordinary,3.5
2018-03,Special,5
2018-03,Medisave,5
2018-03,Retirement,5
2018-04,Ordinary,3.5
2018-04,Special,5
2018-04,Medisave,5
2018-04,Retirement,5
2018-05,Ordinary,3.5
2018-05,Special,5
2018-05,Medisave,5
2018-05,Retirement,5
2018-06,Ordinary,3.5
2018-06,Special,5
2018-06,Medisave,5
2018-06,Retirement,5
2018-07,Ordinary,3.5
2018-07,Special,5
2018-07,Medisave,5
2018-07,Retirement,5
2018-08,Ordinary,3.5
2018-08,Special,5
2018-08,Medisave,5
2018-08,Retirement,5
2018-09,Ordinary,3.5
2018-09,Special,5
2018-09,Medisave,5
2018-09,Retirement,5
2018-10,Ordinary,3.5
2018-10,Special,5
2018-10,Medisave,5
2018-10,Retirement,5
2018-11,Ordinary,3.5
2018-11,Special,5
2018-11,Medisave,5
2018-11,Retirement,5
2018-12,Ordinary,3.5
2018-12,Special,5
2018-12,Medisave,5
2018-12,Retirement,5
2019-01,Ordinary,3.5
2019-01,Special,5
2019-01,Medisave,5
2019-01,Retirement,5
2019-02,Ordinary,3.5
2019-02,Special,5
2019-02,Medisave,5
2019-02,Retirement,5
2019-03,Ordinary,3.5
2019-03,Special,5
2019-03,Medisave,5
2019-03,Retirement,5
2019-04,Ordinary,3.5
2019-04,Special,5
2019-04,Medisave,5
2019-04,Retirement,5
2019-05,Ordinary,3.5
2019-05,Special,5
2019-05,Medisave,5
2019-05,Retirement,5
2019-06,Ordinary,3.5
2019-06,Special,5
2019-06,Medisave,5
2019-06,Retirement,5
